chrom,start,pos,ref,alt
chr1,1019635,1019636,A,G
chr1,1116303,1116304,A,C
chr1,1274158,1274159,C,A
chr1,1375543,1375544,T,C
chr1,1375594,1375595,C,T
chr1,1375641,1375642,C,T
chr1,1375697,1375698,G,T
chr1,1407231,1407232,G,C
chr1,1407389,1407390,C,T
chr1,1471590,1471591,C,G
chr1,1511944,1511945,G,A
chr1,1615321,1615322,A,G
chr1,1615868,1615869,C,T
chr1,1659059,1659060,G,A
chr1,1659064,1659065,C,G
chr1,1659065,1659066,G,C
chr1,1659219,1659220,A,G
chr1,1724488,1724489,G,C
chr1,2255545,2255546,G,A
chr1,2255645,2255646,T,G
chr1,2300526,2300527,G,C
chr1,2301092,2301093,G,A
chr1,2391601,2391602,T,C
chr1,2416026,2416027,C,T
chr1,3650141,3650142,G,A
chr1,3796479,3796480,G,T
chr1,3796512,3796513,G,T
chr1,3857250,3857251,C,G
chr1,3883677,3883678,A,G
chr1,3900118,3900119,A,G
chr1,3900385,3900386,C,T
chr1,3900695,3900696,C,T
chr1,4267574,4267575,C,T
chr1,5975795,5975796,G,A
chr1,6236177,6236178,T,G
chr1,6554592,6554593,C,G
chr1,6579786,6579787,G,T
chr1,6579882,6579883,G,A
chr1,6580055,6580056,A,G
chr1,6613719,6613720,C,G
chr1,7012665,7012666,C,T
chr1,7019832,7019833,A,G
chr1,7954387,7954388,C,T
chr1,7961482,7961483,T,C
chr1,7961717,7961718,T,C
chr1,7961746,7961747,C,T
chr1,8121046,8121047,A,T
chr1,9239887,9239888,T,G
chr1,9426548,9426549,C,T
chr1,9426562,9426563,C,A
chr1,9943261,9943262,G,A
chr1,9943398,9943399,G,C
chr1,11262507,11262508,C,G
chr1,11262570,11262571,G,T
chr1,11681448,11681449,A,C
chr1,11740965,11740966,T,C
chr1,11741029,11741030,G,A
chr1,11802720,11802721,A,G
chr1,11842952,11842953,G,A
chr1,11908215,11908216,A,G
chr1,11926477,11926478,G,A
chr1,11926563,11926564,T,C
chr1,11980145,11980146,A,G
chr1,11980421,11980422,T,C
chr1,12081818,12081819,A,G
chr1,14949987,14949988,C,G
chr1,15218513,15218514,A,T
chr1,15416192,15416193,T,C
chr1,15526780,15526781,T,C
chr1,15526793,15526794,T,G
chr1,15527055,15527056,C,T
chr1,15577822,15577823,C,T
chr1,15584635,15584636,G,A
chr1,15835975,15835976,C,A
chr1,16054138,16054139,G,A
chr1,16054319,16054320,G,T
chr1,16178808,16178809,T,C
chr1,16178824,16178825,A,G
chr1,16237139,16237140,A,G
chr1,16613669,16613670,C,G
chr1,16613698,16613699,G,A
chr1,16645452,16645453,C,G
chr1,16896252,16896253,G,C
chr1,16896253,16896254,C,G
chr1,16904866,16904867,C,T
chr1,16905191,16905192,C,T
chr1,16905196,16905197,G,A
chr1,16905228,16905229,A,G
chr1,16905455,16905456,A,G
chr1,16960805,16960806,A,G
chr1,17075620,17075621,G,T
chr1,17592104,17592105,G,A
chr1,18452779,18452780,A,G
chr1,19251558,19251559,C,G
chr1,19485443,19485444,C,T
chr1,19596818,19596819,T,A
chr1,20508104,20508105,G,A
chr1,20508116,20508117,C,A
chr1,20508244,20508245,G,C
chr1,20508286,20508287,G,A
chr1,20508295,20508296,T,C
chr1,20733343,20733344,C,T
chr1,21334268,21334269,T,A
chr1,21783302,21783303,C,T
chr1,21783661,21783662,G,A
chr1,21783924,21783925,T,C
chr1,21947154,21947155,G,T
chr1,22019153,22019154,C,T
chr1,22025546,22025547,G,T
chr1,22025614,22025615,C,T
chr1,22025685,22025686,A,C
chr1,22451962,22451963,C,A
chr1,23691733,23691734,C,T
chr1,23743146,23743147,G,C
chr1,23868297,23868298,A,G
chr1,23868371,23868372,A,C
chr1,23868407,23868408,C,A
chr1,24413734,24413735,A,T
chr1,24695563,24695564,G,A
chr1,24695822,24695823,G,A
chr1,25819900,25819901,C,G
chr1,25819957,25819958,C,T
chr1,25820022,25820023,G,C
chr1,25820047,25820048,A,C
chr1,25998028,25998029,T,C
chr1,26169878,26169879,C,T
chr1,26169891,26169892,G,T
chr1,26169963,26169964,C,T
chr1,26432110,26432111,T,C
chr1,26432256,26432257,G,A
chr1,26432281,26432282,G,A
chr1,26787987,26787988,A,C
chr1,26921781,26921782,C,A
chr1,26921783,26921784,C,T
chr1,27322602,27322603,G,A
chr1,28088403,28088404,T,G
chr1,28088506,28088507,T,C
chr1,28088577,28088578,T,C
chr1,28233062,28233063,C,G
chr1,28236028,28236029,C,A
chr1,28236164,28236165,A,G
chr1,28369579,28369580,C,A
chr1,28370166,28370167,C,G
chr1,28648343,28648344,G,A
chr1,28736723,28736724,G,A
chr1,28882346,28882347,A,G
chr1,29181837,29181838,C,T
chr1,29182108,29182109,C,A
chr1,29944295,29944296,C,A
chr1,29944313,29944314,G,A
chr1,30847533,30847534,G,T
chr1,31444800,31444801,A,G
chr1,31444805,31444806,A,C
chr1,31444973,31444974,T,C
chr1,31509303,31509304,A,G
chr1,31645211,31645212,A,G
chr1,31645236,31645237,T,G
chr1,31827474,31827475,T,C
chr1,32222175,32222176,A,G
chr1,32250039,32250040,G,T
chr1,32250219,32250220,G,A
chr1,32650604,32650605,A,T
chr1,33127285,33127286,A,G
chr1,33350097,33350098,A,T
chr1,33396692,33396693,G,A
chr1,34859811,34859812,C,T
chr1,36088840,36088841,G,C
chr1,36224157,36224158,G,A
chr1,36224192,36224193,C,G
chr1,36224997,36224998,A,G
chr1,36374663,36374664,T,C
chr1,36385840,36385841,C,G
chr1,36386241,36386242,G,A
chr1,36397921,36397922,A,G
chr1,36398052,36398053,T,C
chr1,36401277,36401278,T,C
chr1,37554145,37554146,C,T
chr1,37595970,37595971,G,T
chr1,37596104,37596105,G,C
chr1,37690517,37690518,C,G
chr1,37690670,37690671,G,A
chr1,37692274,37692275,C,T
chr1,37692538,37692539,C,T
chr1,37990218,37990219,G,C
chr1,37990433,37990434,G,A
chr1,38873583,38873584,G,A
chr1,38873776,38873777,C,T
chr1,39026254,39026255,G,C
chr1,39158707,39158708,C,T
chr1,39738751,39738752,A,T
chr1,39739150,39739151,C,T
chr1,40040566,40040567,G,A
chr1,40040861,40040862,G,T
chr1,40257681,40257682,G,A
chr1,40257945,40257946,G,A
chr1,40257971,40257972,C,T
chr1,40374680,40374681,A,G
chr1,40531360,40531361,G,A
chr1,40699159,40699160,G,A
